{"cameraMode":{"drawMode":0,"name":"Shaded","section":"Shading Mode"},"sceneLighting":false,"audioPlay":false,"sceneViewState":{"showFog":true,"showMaterialUpdate":false,"showSkybox":false,"showFlares":true,"showImageEffects":true,"showParticleSystems":true},"in2DMode":false,"pivot":{"x":1.8575313091278077,"y":-0.2741940915584564,"z":-6.958974361419678},"rotation":{"x":-0.2023749053478241,"y":-0.0698583573102951,"z":0.014474139548838139,"w":-0.9767094850540161},"size":10.0,"orthographic":false}