{"cameraMode":{"drawMode":0,"name":"Shaded","section":"Shading Mode"},"sceneLighting":false,"audioPlay":false,"sceneViewState":{"showFog":true,"showMaterialUpdate":false,"showSkybox":false,"showFlares":true,"showImageEffects":true,"showParticleSystems":true},"in2DMode":false,"pivot":{"x":338.4289855957031,"y":323.51513671875,"z":-388.55474853515627},"rotation":{"x":-0.02398979477584362,"y":-0.03838237002491951,"z":0.000915337644983083,"w":-0.9989919066429138},"size":164.66685485839845,"orthographic":false}