{"cameraMode":{"drawMode":0,"name":"Shaded","section":"Shading Mode"},"sceneLighting":false,"audioPlay":false,"sceneViewState":{"showFog":true,"showMaterialUpdate":false,"showSkybox":false,"showFlares":true,"showImageEffects":true,"showParticleSystems":true},"in2DMode":false,"pivot":{"x":169.47010803222657,"y":382.4349365234375,"z":-544.0091552734375},"rotation":{"x":0.11389580368995667,"y":0.6790459752082825,"z":0.10783152282238007,"w":-0.717171311378479},"size":164.66685485839845,"orthographic":false}